displacement_mm,force_kN
0.0,0.0
0.2032,-7.8597359605911326
0.254,-9.824669950738917
0.2794,-10.807136945812807
0.3302,-12.77207093596059
0.3556,-13.754537931034484
0.4572,-17.684405911330046
0.4826,-18.66687290640394
0.5334,-20.631806896551723
0.6096,-23.5792078817734
0.6604,-25.54414187192118
0.7366,-28.491542857142857
0.8128,-31.43894384236453
0.8509,-32.91264433497537
0.9525,-36.84251231527093
1.0795,-41.75484729064039
1.1176,-43.22854778325123
1.1811,-45.68471527093596
1.2319,-47.649649261083745
1.2827,-49.61458325123152
1.3462,-52.07075073891626
1.397,-54.03568472906404
1.4605,-56.49185221674877
1.5621,-60.42172019704434
1.6383,-63.369121182266014
1.7272,-66.80775566502463
1.8034,-69.7551566502463
1.8796,-72.70255763546798
1.9304,-74.66749162561575
1.9685,-76.1411921182266
2.0193,-78.10612610837438
2.032,-78.5622194092827
2.0193,-78.07098591174575
1.9939,-77.08851891667186
1.9431,-75.12358492652407
1.8796,-72.66741743883934
1.778,-68.73754945854377
1.7145,-66.28138197085903
1.6129,-62.35151399056346
1.5113,-58.42164601026789
1.397,-54.000544532435384
1.2827,-49.579443054602876
1.2192,-47.12327556691815
1.1049,-42.702174089085645
1.0287,-39.75477310386397
0.9271,-35.8249051235684
0.8255,-31.895037143272834
0.7366,-28.45640266051421
0.6477,-25.017768177755592
0.5461,-21.087900197460026
0.4572,-17.649265714701404
0.3556,-13.719397734405838
0.2667,-10.280763251647215
0.2032,-7.824595763962487
0.127,-4.877194778740812
0.0635,-2.4210272910560824
-0.0254,2.0290134305934022
-0.1016,5.843334049150103
-0.2286,12.20053508007794
-0.3302,17.286295904820207
-0.4445,23.007776832655253
-0.5842,30.000697966675876
-0.7366,37.629339203789286
-0.8636,43.98654023471711
-0.9652,49.07230105945938
-1.0922,55.42950209038722
-1.2319,62.42242322440784
-1.397,70.686784564614
-1.5494,78.31542580172741
-1.6637,84.03690672956246
-1.7272,87.21550724502639
-1.7018,85.94406703884081
-1.7272,87.21550724502639
-1.7399,87.85122734811917
-1.7653,89.12266755430474
-1.8034,91.02982786358308
-1.8161,91.66554796667587
-1.8669,94.208428379047
-1.9177,96.24905028608897
-1.9304,96.73936693930287
-1.9431,97.16850867850098
-1.9177,95.89706847231541
-1.9177,95.89706847231541
-1.8542,92.7184679568515
-1.8161,90.81130764757314
-1.7526,87.63270713210922
-1.7272,86.36126692592366
-1.6637,83.18266641045973
-1.5494,77.46118548262469
-1.4859,74.28258496716077
-1.397,69.83254424551129
-1.27,63.47534321458345
-1.2192,60.932462802212314
-1.1303,56.48242208056283
-1.1049,55.210981874377254
-0.9652,48.218060740356634
-0.8382,41.860859709428794
-0.6985,34.867938575408175
-0.5969,29.78217775066591
-0.4572,22.789256616645297
-0.3048,15.16061537953189
-0.2286,11.34629476097519
-0.1651,8.167694245511273
-0.0635,3.081933420769005
0.0,0.6257659330842755
0.0635,-1.8304015546004537
0.1524,-5.269036037359075
0.2286,-8.216437022580749
0.3429,-12.637538500413262
0.4572,-17.058639978245772
0.5969,-22.462208451152176
0.6604,-24.918375938836906
0.7874,-29.830710914206367
0.889,-33.76057889450193
0.9779,-37.199213377260556
1.0795,-41.129081357556124
1.1557,-44.0764823427778
1.2319,-47.02388332799948
1.3208,-50.4625178107581
1.397,-53.40991879597978
1.4859,-56.8485532787384
1.5494,-59.30472076642313
1.6383,-62.743355249181754
1.7145,-65.69075623440342
1.778,-68.14692372208816
1.8542,-71.09432470730984
1.8415,-70.60309120977288
1.8923,-72.56802519992067
1.9304,-74.0417256925315
1.9431,-74.53295919006845
1.9812,-76.0066596826793
1.9685,-75.51542618514235
1.9685,-75.51542618514235
1.9304,-74.04172569253151
1.8669,-71.58555820484679
1.7907,-68.63815721962511
1.6891,-64.70828923932955
1.6129,-61.76088825410787
1.5113,-57.8310202738123
1.3716,-52.42745180090589
1.2827,-48.98881731814727
1.1938,-45.55018283538865
1.0922,-41.62031485509308
0.9525,-36.21674638218668
0.8382,-31.795644904354155
0.6985,-26.392076431447755
0.5842,-21.970974953615247
0.4826,-18.04110697331968
0.3556,-13.128771997950224
0.254,-9.198904017654655
0.1651,-5.760269534896034
0.0635,-1.830401554600468
0.0,1.3481989608634497
-0.1143,7.069679888698501
-0.254,14.06260102271912
-0.381,20.419802053646954
-0.508,26.777003084574787
-0.6604,34.40564432168819
-0.7874,40.76284535261602
-0.8636,44.577165971172725
-0.9525,49.02720669282221
-0.9906,50.934367002100565
-1.0541,54.112967517564485
-1.2192,62.377328857770664
-1.3208,67.46308968251296
-1.4478,73.82029071344078
-1.5748,80.17749174436861
-1.651,83.99181236292533
-1.7907,90.98473349694594
-1.8796,94.73102067661497
-1.905,95.70601587736938
-1.8923,95.0702957742766
-1.8796,94.43457567118381
-1.8161,91.2559751557199
-1.778,89.34881484644154
-1.6891,84.89877412479206
-1.5875,79.81301330004978
-1.5494,77.90585299077144
-1.4859,74.72725247530751
-1.397,70.27721175365802
-1.2954,65.19145092891576
-1.1811,59.469970001080696
-1.0287,51.84132876396728
-0.9144,46.11984783613222
-0.7747,39.126926702111604
-0.6604,33.405445774276544
-0.508,25.776804537163144
-0.381,19.419603506235312
-0.2286,11.790962269121913
-0.1016,5.4337612381940765
-0.0254,1.6194406196373747
0.1016,-3.2928943557320838
0.2159,-7.713995833564597
0.2794,-10.170163321249325
0.4064,-15.082498296618782
0.5334,-19.99483327198824
0.6858,-25.88963524243159
0.8255,-31.29320371533799
0.9271,-35.223071695633564
1.0287,-39.15293967592913
1.1557,-44.06527465129859
1.27,-48.4863761291311
1.3843,-52.90747760696361
1.5621,-59.784746572480856
1.7272,-66.17078204046115
1.8415,-70.59188351829366
1.905,-73.0480510059784
1.9558,-75.01298499612618
1.9431,-74.52175149858924
1.9812,-75.99545199120007
1.9812,-75.99545199120007
1.9558,-75.01298499612618
1.9304,-74.03051800105229
1.8542,-71.08311701583062
1.7907,-68.62694952814589
1.7526,-67.15324903553505
1.6891,-64.69708154785033
1.5875,-60.767213567554755
1.4986,-57.32857908479613
1.4097,-53.88994460203751
1.3208,-50.45131011927889
1.2446,-47.50390913405721
1.1049,-42.10034066115081
0.9906,-37.6792391833183
0.9144,-34.73183819809663
0.8128,-30.801970217801067
0.7112,-26.872102237505505
0.6096,-22.942234257209943
0.508,-19.012366276914374
0.3937,-14.591264799081864
0.3429,-12.626330808934078
0.2286,-8.205229331101567
0.1397,-4.766594848342945
0.0381,-0.8367268680473785
-0.1016,6.156194265973239
-0.2032,11.241955090715507
-0.3683,19.506316430921693
-0.4572,23.956357152571176
-0.5969,30.94927828659179
-0.6858,35.39931900824128
-0.8128,41.75652003916912
-0.9525,48.74944117318974
-1.0922,55.742362307210364
-1.2065,61.463843235045424
-1.3716,69.7282045752516
-1.524,77.35684581236501
-1.6256,82.44260663710727
-1.7526,88.7998076680351
-1.8542,93.75635596175789
-1.8542,93.75635596175789
-1.8542,93.75635596175789
-1.8034,91.21347554938674
-1.7526,88.67059513701561
-1.6764,84.8562745184589
-1.5748,79.77051369371664
-1.524,77.2276332813455
-1.4478,73.4133126627888
-1.4097,71.50615235351044
-1.3843,70.23471214732488
-1.3208,67.05611163186096
-1.2573,63.877511116397045
-1.1557,58.79175029165477
-1.0795,54.97742967309807
-0.9779,49.891668848355806
-0.8128,41.62730750814961
-0.6604,33.9986662710362
-0.5461,28.277185343201154
-0.4064,21.284264209180535
-0.2667,14.29134307515992
-0.1524,8.569862147324866
-0.0508,3.484101322582598
0.0,0.9412209102114648
0.0127,0.30550080711868133
0.0127,0.30550080711868133
0.0254,-0.18573269041826446
0.0381,-0.6769661879552105
0.0762,-2.150666680566048
0.0762,-2.150666680566048
0.127,-4.115600670713832
0.1778,-6.080534660861615
0.2159,-7.554235153472453
0.3048,-10.992869636231074
0.3556,-12.957803626378858
0.4191,-15.413971114063585
0.4572,-16.887671606674424
0.5207,-19.343839094359154
0.5842,-21.800006582043885
0.635,-23.764940572191666
0.7112,-26.712341557413342
0.762,-28.677275547561123
0.8001,-30.15097604017196
0.9017,-34.08084402046753
0.9525,-36.045778010615315
0.9652,-36.53701150815226
1.0541,-39.975645990910884
1.1176,-42.43181347859561
1.1684,-44.3967474687434
1.2446,-47.34414845396507
1.3208,-50.291549439186745
1.4097,-53.73018392194537
1.4732,-56.1863514096301
1.5621,-59.62498589238872
1.6002,-61.09868638499956
1.6891,-64.53732086775818
1.7526,-66.9934883554429
1.7907,-68.46718884805375
1.8923,-72.39705682834932
1.9431,-74.3619908184971
1.9685,-75.344457813571
2.0066,-76.81815830618184
2.0574,-79.09840590717299
2.1717,-81.51124514767932
2.2352,-82.85171139240506
2.3495,-85.2645506329114
2.4003,-86.33692362869199
2.4765,-87.94548312236287
2.5908,-90.3583223628692
2.6797,-92.23497510548523
2.7813,-94.37972109704641
2.8321,-95.45209409282701
2.9083,-97.06065358649789
2.921,-97.32874683544304
2.9083,-96.8375133379061
2.9337,-97.59684008438819
2.921,-97.10560658685124
2.9464,-97.86493333333334
2.9337,-97.37369983579639
2.921,-96.88246633825943
2.8829,-95.40876584564859
2.8448,-93.93506535303777
2.7813,-91.47889786535303
2.7432,-90.0051973727422
2.7305,-89.51396387520526
2.6924,-88.04026338259442
2.6797,-87.54902988505746
2.6289,-85.58409589490968
2.5781,-83.61916190476191
2.5273,-81.65422791461413
2.4511,-78.70682692939245
2.4003,-76.74189293924468
2.3241,-73.794491954023
2.2479,-70.84709096880133
2.1463,-66.91722298850577
2.0701,-63.969822003284094
1.9558,-59.548720525451586
1.8923,-57.09255303776686
1.8161,-54.145152052545185
1.6764,-48.74158357963877
1.6002,-45.79418259441711
1.4859,-41.3730811165846
1.397,-37.93444663382598
1.2954,-34.00457865353041
1.1811,-29.583477175697894
1.143,-28.109776683087055
1.0541,-24.671142200328436
0.9779,-21.72374121510676
0.9144,-19.26757372742203
0.9017,-18.776340229885083
0.8763,-17.79387323481119
0.7747,-13.864005254515629
0.6858,-10.425370771757004
0.5842,-6.495502791461441
0.4953,-3.0568683087028194
0.4064,0.6795886900326658
0.2921,6.401069617867715
0.1651,12.75827064879555
0.0762,17.208311370445035
-0.0254,22.2940721951873
-0.1397,28.015553123022354
-0.2286,32.46559384467184
-0.2921,35.64419436013576
-0.4191,42.001395391063596
-0.4318,42.637115494156376
-0.5207,47.08715621580586
-0.6223,52.17291704054813
-0.6858,54.59932895856681
-0.7874,58.03926267330896
-0.9398,63.1991632454222
-1.016,65.77911353147881
-1.1049,68.7890555318782
-1.1938,71.79899753227758
-1.3335,76.52890639004805
-1.3843,78.24887324741914
-1.6129,85.98872410558899
-1.7018,88.99866610598836
-1.8542,94.15856667810161
-1.9431,97.16850867850098
-2.0701,99.56547712031558
-2.2352,102.68153609467456
-2.3749,105.3182013806706
-2.5019,107.71516982248521
-2.6797,111.07092564102564
-2.8829,114.90607514792899
-3.048,118.02213412228798
-3.2004,120.89849625246549
-3.302,122.81607100591715
-3.3147,123.05576785009863
-3.3274,123.29546469428008
-3.2639,120.11686417881617
-3.1877,116.30254356025947
-3.0353,108.67390232314605
-2.794,96.5952203643832
-2.54,83.88081830252752
-2.286,71.16641624067184
-2.0701,60.35917448809447
-1.8161,47.64477242623883
-1.5621,34.93037036438315
-1.3081,22.215968302527482
-1.0795,10.773006446857373
-0.8128,-1.5657094792002293
-0.5969,-9.395925439425108
-0.381,-16.982695139471655
-0.1651,-24.569464839518204
-0.0127,-29.924831686609892
0.1778,-35.763194846470505
0.4064,-40.89086132703716
0.635,-46.01852780760382
0.889,-51.71593500823343
1.1176,-56.84360148880009
1.2573,-59.97717544914639
1.4986,-65.38971228974451
1.778,-71.65686021043709
2.0193,-77.06939705103522
2.2733,-82.76680425166485
2.54,-88.74908181232595
2.794,-94.44648901295558
3.0099,-99.20539957805907
3.0226,-99.47349282700422
3.0226,-99.47349282700422
2.8575,-93.08745735902392
2.6035,-83.26278740828499
2.3622,-73.92935095508304
2.1209,-64.59591450188104
1.8669,-54.77124455114212
1.6129,-44.946574600403196
1.3462,-34.63067115212733
1.1049,-25.29723469892535
0.8763,-16.455031743260328
0.635,-7.121595290058368
0.3937,2.51861877912685
0.2159,10.349750170605402
0.0762,16.50278197819569
-0.1397,26.012012953562497
-0.1778,27.69011253745076
-0.6223,45.828634290476195
-0.8636,52.73882104011129
-1.0922,59.2853137502919
-1.3462,66.55919453938147
-1.5875,73.46938128901655
-1.8415,80.74326207810611
-2.1209,88.74453094610465
-2.3495,95.29102365628526
-2.6289,103.29229252428378
-2.8829,110.56617331337335
-3.0861,116.385277944645
-3.302,122.56807661537113
-3.3274,123.29546469428008
-3.3274,123.29546469428008
-3.3274,123.29546469428008
-3.1496,114.39538325098114
-2.8829,101.04526108603264
-2.7051,92.14517964273367
-2.4892,81.33793789015637
-2.2479,69.25925593139343
-1.9939,56.54485386953776
-1.7272,43.1947317045893
-1.4859,31.116049745826405
-1.2319,18.401647683970737
-0.9906,6.322965725207853
-0.762,-3.3861568637921895
-0.5207,-11.999673932132943
-0.3175,-19.096436983004427
-0.127,-25.749652343196445
0.0381,-31.515772322029527
0.2413,-37.24794598319055
0.4826,-42.6465094079963
0.508,-43.21477924218638
0.6096,-45.48785857894669
0.8763,-51.45469183794252
1.1049,-56.56912034565324
1.3716,-62.535953604649066
1.4605,-64.52489802431435
1.8669,-73.61721537135561
2.1209,-79.2999137132564
2.3876,-85.26674697225224
2.667,-91.51771514834311
2.8956,-96.63214365605383
2.9845,-98.6210880757191
2.9845,-98.6210880757191
2.9591,-97.6386210806452
2.8321,-92.72628610527575
2.5908,-83.39284965207379
2.3622,-74.55064669640876
2.0955,-64.23474324813287
1.8415,-54.41007329739395
1.6002,-45.076636844191974
1.3462,-35.25196689345305
1.0922,-25.42729694271413
0.8255,-15.111393494438271
0.6096,-6.760424036310198
0.3937,1.8246115714081261
0.2159,9.713945860162477
0.0381,17.603280148916824
-0.1397,25.49261443767117
-0.2159,28.873757704280177
-0.6223,45.583311577298886
-0.8763,52.880227362930924
-1.1176,59.81229735928136
-1.3589,66.7443673556318
-1.6129,74.04128314126383
-1.8923,82.06789050545908
-2.159,89.72965208037272
-2.413,97.02656786600474
-2.667,104.32348365163679
-2.921,111.62039943726882
-3.1496,118.18762364433766
-3.2639,121.47123574787207
-3.2766,121.83608153715369
-3.2639,121.2003614340609
-3.1877,117.38604081550419
-2.9464,105.30735885674133
-2.7051,93.22867689797839
-2.4638,81.14999493921553
-2.1971,67.79987277426703
-1.9431,55.08547071241135
-1.7018,43.00678875364845
-1.4478,30.292386691792775
-1.1811,16.942264526844326
-0.9525,5.499302671174222
-0.7239,-4.187864656065183
-0.4953,-12.25050318033784
-0.2794,-19.865217342150896
-0.127,-25.240309691666003
0.1651,-35.278695796110306
0.381,-40.128969349555625
0.6096,-45.26455311202714
0.8255,-50.11482666547245
1.1049,-56.39165126404875
1.3716,-62.383165653598844
1.6002,-67.51874941607036
1.8669,-73.51026380562045
2.1463,-79.78708840419675
2.413,-85.77860279374684
2.667,-91.48480697427074
2.9337,-97.47632136382086
3.175,-102.69061181434598
3.4671,-108.85675654008439
3.7465,-114.75480801687763
4.0259,-120.65285949367089
4.318,-126.8190042194093
4.6101,-132.9851489451477
4.8895,-138.88320042194096
5.1943,-145.31743839662448
5.4991,-151.75167637130806
5.7912,-157.91782109704639
6.096,-164.35205907172994
6.4135,-171.0543902953587
6.7183,-177.48862827004223
6.7691,-178.5610012658228
6.7818,-178.65037978825796
6.6802,-174.7205118079624
6.4262,-164.8958418572234
6.1722,-155.07117190648455
5.8928,-144.26403496067178
5.715,-137.38676599515452
5.6515,-134.93059850746982
5.4102,-125.5971620542678
5.1562,-115.77249210352892
4.8895,-105.45658865525299
4.6228,-95.14068520697714
4.3434,-84.33354826116432
4.2799,-81.87738077347959
3.81,-63.70174136461263
3.5306,-52.89460441879984
3.2512,-42.08746747298704
2.9718,-31.280330527174247
2.6924,-20.473193581361443
2.413,-9.666056635548586
2.1463,0.4142269608753288
1.8542,7.616062162545999
1.6002,13.878527555303103
1.3208,20.767239487335914
1.0922,26.403458340817313
0.8636,32.03967719429871
0.6604,37.04964950850439
0.4572,42.05962182271007
0.2286,47.1010549084336
-0.0254,52.54351275027978
-0.2921,58.25809348421827
-0.5588,63.972674218156754
-0.8001,69.14300916791062
-1.0922,75.40183568603373
-1.3081,80.02792485160299
-1.5748,85.74250558554147
-1.8415,91.45708631947996
-2.1336,97.71591283760304
-2.3622,102.61412489526461
-2.6289,108.32870562920311
-2.8829,113.77116347104928
-3.1369,119.21362131289544
-3.3909,124.49394891518739
-3.683,130.00697633136093
-3.937,134.80091321499015
-4.2164,140.07424378698224
-4.4831,145.10787751479293
-4.7625,150.38120808678502
-5.0165,155.1751449704142
-5.2959,160.4484755424063
-5.5753,165.72180611439842
-5.8547,170.99513668639054
-6.1595,176.74786094674556
-6.4262,181.7814946745562
-6.7183,187.2945220907298
-6.9723,192.088458974359
-6.9977,192.56785266272192
-7.0104,192.80233173996177
-7.0104,192.80233173996177
-6.7945,181.99508998738452
-6.5659,170.5521281317144
-6.3246,158.4734461729515
-6.0579,145.12332400800307
-5.842,134.3160822554258
-5.5372,119.05879978119899
-5.1435,99.35147658532273
-4.9403,89.17995493583813
-4.7117,77.736993080168
-4.4577,65.02259101831241
-4.191,51.67246885336387
-3.937,38.95806679150827
-3.6576,24.97222452346704
-3.3909,11.62210235851856
-3.0353,-2.4716795298682466
-2.8194,-6.795372716876698
-2.54,-12.390740370652317
-2.2606,-17.986108024427935
-1.9812,-23.581475678203553
-1.7145,-28.922508438625737
-1.4351,-34.51787609240135
-1.1811,-39.6045739594701
-0.9398,-44.436936933185414
-0.7239,-48.760630120193845
-0.5334,-52.57565352049541
-0.3048,-57.153681600857276
-0.0508,-62.24037946792602
0.1905,-66.39295874674296
0.4572,-70.93516653454994
0.7239,-75.4773743223569
0.9906,-80.01958211016387
1.2954,-85.21067672480041
1.5875,-90.18547573049374
1.8796,-95.16027473618708
2.1463,-99.70248252399404
2.4638,-105.10987274757375
2.7305,-109.65208053538072
3.0353,-114.84317515001726
3.3147,-119.6016785467674
3.5814,-124.14388633457439
3.8862,-129.33498094921092
4.1656,-134.0934843459611
4.4323,-138.63569213376803
4.7117,-143.39419553051818
4.9911,-148.15269892726832
5.2578,-152.6949067150753
5.5499,-157.66970572076863
5.8166,-162.21191350857563
6.096,-166.97041690532578
6.3881,-171.9452159110191
6.6802,-176.92001491671243
6.7564,-178.2177885703716
6.7437,-177.72655507283463
6.731,-177.2353215752977
6.7564,-178.2177885703716
6.5405,-169.86681911224358
6.2611,-159.0596821664308
6.0325,-150.21747921076576
5.7404,-138.91910876741602
5.4864,-129.094438816677
5.4356,-127.12950482652927
4.9403,-107.97139842258842
4.6736,-97.65549497431249
4.4069,-87.33959152603664
4.1275,-76.53245458022383
3.8354,-65.23408413687405
3.5687,-54.91818068859822
3.2766,-43.619810245248445
3.0099,-33.303906796972555
2.7178,-22.005536353622837
2.4257,-10.707165910273066
2.1717,-0.8824959595341486
1.8542,6.639447117835934
1.5748,12.934522096930685
1.3081,18.943457304248405
1.0287,25.23853228334317
0.7747,30.961327718883844
0.5461,36.111843610870466
0.3175,41.26235950285709
0.127,45.554456079512605
-0.1016,50.70497197149921
-0.3429,56.14162763526286
-0.6223,62.43670261435762
-0.8509,67.57682782593957
-1.1557,73.77355379281903
-1.4097,78.9374920985519
-1.7018,84.87602115014471
-1.9685,90.29815637116423
-2.2606,96.23668542275703
-2.54,101.9170175590632
-2.8321,107.855546610656
-3.0861,113.01948491638888
-3.3782,118.95801396798167
-3.6449,124.3801491890012
-3.9243,130.06048132530736
-4.1783,135.22441963104023
-4.4704,141.16294868263304
-4.7117,146.0686900730793
-4.9784,151.49082529409878
-5.2324,156.65476359983165
-5.4864,161.81870190556455
-5.7404,166.9826402112974
-5.9944,172.14657851703032
-6.2484,177.31051682276313
-6.5278,182.9908489590693
-6.8199,188.9293780106621
-6.9088,190.73675641766863
-6.9469,191.51134716352857
-6.9342,190.87562706043576
-6.9342,190.87562706043576
-6.7056,179.43266520476564
-6.4516,166.71826314291005
-6.2103,154.63958118414715
-5.969,142.56089922538425
-5.715,129.84649716352865
-5.4864,118.40353530785853
-5.2451,106.32485334909559
-4.9657,92.33901108105435
-4.699,78.98888891610594
-4.4577,66.910206957343
-4.1402,51.01720438002344
-3.6703,27.49556056559042
-3.3909,13.509718297549192
-3.1242,0.1595961326007096
-2.8448,-5.561745148690432
-2.54,-11.699138910668825
-2.2733,-17.069358452399904
-1.9939,-22.695302734213428
-1.7272,-28.06552227594452
-1.4351,-33.94719129784048
-1.1811,-39.061686099489144
-0.9271,-44.176180901137805
-0.6731,-49.29067570278646
-0.4953,-52.87082206394052
-0.2921,-56.96241790525944
-0.0508,-61.82118796682567
0.1905,-66.05044427610248
0.4699,-70.82346659068325
0.7239,-75.16257778575668
0.9779,-79.50168898083011
1.2573,-84.27471129541088
1.5748,-89.69860028925267
1.8288,-94.0377114843261
2.1463,-99.4616004781679
2.4257,-104.23462279274867
2.7178,-109.2246006670831
3.0099,-114.21457854141755
3.302,-119.204556415752
3.5814,-123.97757873033277
3.8608,-128.75060104491354
4.1402,-133.5236233594943
4.4196,-138.29664567407508
4.6863,-142.85271242890218
4.9784,-147.84269030323662
5.2578,-152.6157126178174
5.5372,-157.38873493239817
5.8039,-161.94480168722527
6.0833,-166.7178240018061
6.3754,-171.70780187614048
6.6421,-176.26386863096764
6.8453,-179.02911847930704
6.858,-179.10486621751684
6.858,-179.10486621751684
6.858,-179.10486621751684
6.8453,-178.6136327199799
6.5913,-168.78896276924107
6.3373,-158.96429281850206
6.0452,-147.66592237515232
5.8039,-138.33248592195028
5.5245,-127.5253489761375
5.2705,-117.70067902539861
4.9657,-105.91107508451191
4.7117,-96.08640513377303
4.445,-85.7705016854971
4.1783,-75.45459823722125
3.8989,-64.64746129140843
3.6068,-53.34909084805865
3.3274,-42.54195390224586
3.0353,-31.243583458896087
2.7305,-19.45397951800938
2.4638,-9.138076069733543
2.3876,-6.1906750845118665
1.8796,7.747993344244647
1.6129,13.686736328344795
1.3208,20.191073882359238
1.0414,26.412614151416534
0.8001,31.78576256560239
0.5588,37.158910979788246
0.3175,42.532059393974095
0.1397,46.49122138337419
-0.0762,51.29877522764574
-0.3302,56.95472092678874
-0.6096,63.17626119584603
-0.8636,68.70605034651814
-1.1303,74.0903931342502
-1.4097,79.73113319758855
-1.6764,85.1154759853206
-1.9558,90.75621604865896
-2.2479,96.65335338760359
-2.5527,102.80688800215452
-2.8321,108.44762806549286
-3.0988,113.83197085322493
-3.3782,119.47271091656327
-3.6576,125.11345097990161
-3.937,130.75419104323996
-4.2164,136.39493110657833
-4.4577,141.26647934309779
-4.7117,146.39442485522355
-4.9911,152.03516491856192
-5.2451,157.1631104306877
-5.4864,162.0346586672071
-5.7531,167.41900145493923
-6.0198,172.8033442426713
-6.2484,177.41849520358448
-6.5278,183.0592352669228
-6.7183,186.90519440101713
-6.9596,191.77674263753664
-6.9342,190.50530243135103
-6.9596,191.77674263753661
-6.8961,188.5981421220727
-6.6548,176.5194601633098
-6.4008,163.8050581014542
-6.1849,152.99781634887694
-5.9055,139.0119740808357
-5.6769,127.56901222516558
-5.4229,114.85461016330986
-5.1689,102.14020810145426
-4.9022,88.79008593650572
-4.6609,76.71140397774295
-4.3942,63.3612818127944
-4.1402,50.64687975093881
-3.8608,36.66103748289757
-3.5814,22.67519521485634
-3.3274,9.960793153000672
-3.0353,-1.8591454244066314
-2.7559,-7.437991628148666
-2.4638,-13.270421750242624
-2.2098,-18.34210011728084
-1.905,-24.428114157726693
-1.6383,-29.753376443116817
-1.3716,-35.078638728506945
-1.1049,-40.40390101389708
-1.0414,-41.67182060565661
-0.6096,-50.29367382962158
-0.4064,-54.35101652325216
-0.2032,-58.40835921688274
0.0127,-62.71444871680973
0.4318,-69.84039264542444
0.9652,-78.90977582729772
1.524,-88.41103439878401
2.0955,-98.12823066507683
2.7051,-108.49324001578914
3.2893,-118.42637397688847
3.8354,-127.71169485356823
4.4196,-137.64482881466756
4.9784,-147.14608738615385
5.5245,-156.43140826283363
6.0706,-165.7167291395134
6.6294,-175.21798771099975
7.0358,-180.1653345524543
7.0485,-180.2410822906641
7.493,-182.8922531280077
8.1153,-186.60389230028875
8.6995,-190.08828825794035
9.3345,-193.87567516843117
9.9822,-197.73880981713185
10.6045,-201.4504489894129
11.2522,-205.31358363811358
11.7475,-208.26774542829645
12.4333,-212.35812329162658
13.1191,-216.4485011549567
13.6144,-219.40266294513955
13.6271,-219.47841068334938
13.1572,-201.30277127448238
12.5857,-179.19726388531979
12.0396,-158.07422349123112
11.4935,-136.95118309714246
11.2395,-127.12651314640347
11.2268,-126.63527964886657
11.2522,-127.61774664394044
10.7823,-109.44210723507344
10.2743,-89.7927673335955
9.7409,-69.16096043704407
9.1694,-47.05545304788147
8.5725,-23.96747866364495
7.9502,0.0320373792640685
7.3787,6.910279852504547
6.7818,14.09422199122246
6.1722,21.431013962679028
5.5753,28.614956101396942
4.9784,35.79889824011486
4.3942,42.82999054609403
3.7973,50.01393268481195
3.2004,57.19787482352983
2.6416,63.92326746403168
2.1336,70.3258768286607
1.6637,76.61980576160254
1.1049,84.10447800618205
0.5207,91.92936262551517
-0.0762,99.9243534322251
-0.635,107.40902567680462
-1.2192,115.23391029613774
-1.8034,123.05879491547087
-2.3876,130.883679534804
-2.9845,138.8786703415139
-3.2893,142.96121883855727
-4.1148,154.01812101804975
-4.6355,160.9924747004989
-5.1562,167.96682838294794
-5.6769,174.94118206539702
-6.223,182.2557481225997
-6.7564,189.40020799242563
-7.3406,194.7271830783939
-7.9375,198.20672203632887
-8.5598,201.8343264818356
-8.7884,203.16691586998087
-8.8519,203.53707958891016
-9.4234,206.86855305927344
-10.033,210.42212476099425
-10.6172,213.82763097514342
-11.2268,217.3812026768643
-11.8491,221.00880712237094
-12.4841,224.7104443116635
-13.1318,228.4861142447419
-13.7668,232.1877514340344
-13.9954,233.52034082217975
-13.7541,221.44165886341685
-13.2207,194.74141453352019
-12.6873,168.0411702036231
-12.1666,141.97664597681904
-11.6459,115.91212175001499
-11.0236,84.76183669846839
-10.9601,81.5832361830045
-10.4013,53.61155164692177
-9.8933,28.182747523210836
-9.3218,0.6589924257043416
-8.7503,-5.138080603582136
-8.1661,-10.313515035130278
-7.5946,-15.376440022514238
-7.0231,-20.43936500989824
-6.4643,-25.389780553118143
-5.9055,-30.340196096338047
-5.3467,-35.29061163955795
-4.7879,-40.24102718277786
-4.2037,-45.416461614325954
-3.8481,-48.566726050920444
-3.0099,-55.9923493657503
-2.4257,-61.16778379729839
-1.9177,-65.66816156386194
-1.4351,-69.94352044209732
-0.889,-74.78142654115315
-0.3429,-79.97573219483293
0.2286,-85.68265995118134
0.8763,-92.15051140837618
1.4986,-98.36472163195555
1.9304,-102.67662260341878
2.5654,-109.0176534438059
3.1877,-115.23186366738528
3.8354,-121.69971512458011
4.4577,-127.91392534815947
5.08,-134.12813557173882
5.6896,-140.21552517851052
6.3246,-146.5565560188976
6.9342,-152.6439456256692
7.5692,-158.98497646605634
8.2296,-165.5796485400589
8.8265,-171.5402175300228
9.4107,-177.3739659031789
9.9949,-183.2077142763351
10.5156,-188.4073595654525
11.0998,-194.24110793860862
11.6713,-199.948035694957
12.2809,-206.0354253017287
12.9032,-212.249635525308
13.5128,-218.3370251320797
13.6779,-219.78140163618863
13.5509,-214.86906666081924
12.9794,-192.76355927165665
12.4333,-171.64051887756798
11.8491,-149.0437779908686
11.2903,-127.42950409924272
10.7315,-105.81523020761735
10.1981,-85.18342331106548
9.6266,-63.077915921902886
9.0424,-40.481175035203535
8.4455,-17.393200650967017
7.8232,1.6537879560176296
7.1882,7.737109457147345
6.5913,13.455431668209318
5.9817,19.295420309293867
5.3721,25.135408950378416
4.7752,30.853731161440386
4.1656,36.69371980252494
3.5433,42.65537487363207
2.9464,48.373697084694044
2.3241,54.335352155801175
1.7653,59.68867507679536
1.2446,64.67699870772175
0.7747,69.17865661855775
0.2286,74.41031310952934
-0.3937,80.37196818063647
-0.9779,86.71915660984625
-1.5748,93.45052798348496
-2.2225,100.75478202722059
-2.8321,107.6293740683835
-3.4417,114.50396610954644
-3.7973,118.51414480022481
-4.6355,127.96670885682386
-5.2324,134.69808023046258
-5.8039,141.14301026905284
-6.3754,147.58794030764307
-6.9469,154.03287034623332
-7.5438,160.76424171987202
-8.1661,167.7820544285592
-8.7503,174.37020513467363
-9.3599,181.24479717583662
-9.9314,187.68972721442688
-10.4902,193.99143658549286
-11.049,200.29314595655893
-11.5951,206.4516346601007
-12.1539,212.75334403116668
-12.7254,219.19827406975693
-13.2969,225.6432041083472
-13.8938,232.37457548198591
-13.9192,232.66101681703438
-13.6906,221.21805496136426
-13.1699,195.1535307345602
-12.6365,168.45328640466312
-12.0904,141.1173219716735
-11.5443,113.78135753868389
-11.0109,87.0811132087868
-10.4775,60.380868878890226
-9.9187,32.40918434280749
-9.3472,3.8017797036322145
-8.7376,-4.737418570082765
-8.1661,-9.810841230334026
-7.5946,-14.884263890585327
-7.0104,-20.070429276619954
-6.4262,-25.256594662654543
-5.8801,-30.10453187133907
-5.3086,-35.17795453159033
-4.7117,-40.476862643408325
-4.1275,-45.663028029442955
-3.5179,-51.07467886704429
-2.9337,-56.26084425307892
-2.3241,-61.67249509068026
-1.7526,-66.74591775093151
-1.2319,-71.36836950804933
-0.8001,-75.2016221846836
-0.2286,-80.69934050007522
0.3429,-86.41504164265523
0.9271,-92.25775836618145
1.5494,-98.48152183254633
2.1844,-104.83230087985746
2.8194,-111.18307992716856
3.4544,-117.5338589744797
4.0894,-123.8846380217908
4.7117,-130.10840148815566
5.3467,-136.45918053546683
5.969,-142.6829440018317
6.5786,-148.77969188725035
7.2263,-155.2574865155077
7.8613,-161.60826556281881
8.4455,-167.45098228634498
9.1059,-174.05579249554856
9.7028,-180.025524800021
10.287,-185.8682415235473
10.6172,-189.1706466281491
11.4173,-197.17262822776098
12.0269,-203.2693761131797
12.6238,-209.23910841765218
13.2334,-215.3358563030709
13.6779,-219.78140163618863
13.9065,-221.14486092396535
13.2842,-197.07441954465475
12.7127,-174.96891215549215
12.1285,-152.37217126879284
11.557,-130.26666387963024
11.0109,-109.14362348554158
10.4521,-87.52934959391578
9.8806,-65.42384220475319
9.3091,-43.318334815591015
8.6995,-19.739126933817396
8.0772,1.0619298708297904
7.4549,6.9633995116093494
6.858,12.623992840520442
6.2357,18.52546248130006
5.6134,24.426932122079737
5.0038,30.207963606925087
4.3942,35.98899509177044
3.7592,42.010902888484345
3.1496,47.79193437332969
2.5527,53.45252770224078
1.9431,59.233559187086136
1.397,64.4123998922601
0.9144,68.98904981776268
0.4191,73.68613789919952
-0.1651,79.22629307217633
-0.7747,85.59634362182715
-1.3716,92.27494868274604
-1.9812,99.09565172368448
-2.6162,106.20055072466204
-3.2385,113.16335174562006
-3.8481,119.9840547865585
-4.4704,126.94685580751649
-5.0673,133.6254608684354
-5.6388,140.0198699693152
-6.2103,146.414279070195
-6.7818,152.80868817107472
-7.3787,159.48729323199365
-7.9756,166.16589829291257
-8.5979,173.12869931387064
-9.1948,179.8073043747894
-9.7917,186.48590943570832
-10.3505,192.73822055656865
-10.9093,198.9905316774288
-11.4427,204.95864683825
-12.0142,211.3530559391298
-12.5603,217.46326907997047
-13.1445,223.99977616086977
-13.7287,230.5362832417692
-13.8811,232.2414590020038
-13.9065,232.5256549620429
-13.6144,217.90409259090896
-13.1826,196.2896090857541
-12.6492,169.58936475585753
-12.1158,142.88912042596044
-11.5824,116.18887609606335
-11.2268,98.38871320946564
-10.5156,62.78838743626952
-9.9441,34.18098279709426
-9.3726,5.573578157918981
-8.7757,-4.29356006951787
-8.1788,-9.571700679990872
-7.5819,-14.849841290463873
-7.0104,-19.903380172831632
-6.4262,-25.06921991925201
-5.842,-30.23505966567239
-5.2705,-35.28859854804015
-4.6863,-40.45443829446048
-4.0894,-45.73257890493348
-3.4798,-51.123020379459106
-2.9083,-56.17655926182687
-2.2733,-61.7916024644577
-1.6891,-66.95744221087807
-1.1557,-71.67407850108798
-0.6858,-75.82921047103478
-0.0254,-82.21406725999698
0.4318,-86.77332758078354
1.6256,-98.67806286283736
2.8448,-110.83609038493489
4.1148,-123.50070238711976
5.3975,-136.2919605093265
6.6167,-148.44998803142403
7.9248,-161.4945383936745
9.1694,-173.90585815581568
10.3378,-185.55730119782572
11.4935,-197.08209811981396
12.6873,-208.98683340186778
13.9192,-221.22060866217515
15.2019,-228.87113022136666
16.5227,-236.7488949951877
17.8054,-244.39941655437906
19.1897,-252.6559200192491
20.6502,-261.3669099133783
22.2123,-270.68388171318577
23.749,-279.8493580365736
25.2349,-288.71184340712233
26.7208,-297.57432877767076
27.5463,-302.4979317613089
26.7589,-272.0414549140188
25.6159,-227.83044013569372
24.384,-180.1807908746092
23.8506,-159.54898397805775
23.2537,-136.46100959382173
22.6187,-111.89933471697478
22.0218,-88.81136033273782
21.3868,-64.24968545589087
20.7899,-41.161711071653954
20.2057,-18.564970184954618
19.5961,0.7672217027232624
19.0246,4.149555378175872
18.4023,7.832540935891036
17.8054,11.365200552474816
17.1958,14.973023139624225
16.5481,18.806334638470602
15.9004,22.63964613731683
15.24,26.548120606728737
14.5923,30.38143210557504
13.9573,34.139580633855736
13.2969,38.04805510326757
12.6492,41.88136660211387
12.0142,45.63951513039457
11.4046,49.24733771754405
10.7442,53.15581218695596
10.0838,57.06428665636779
9.398,61.12308706691099
8.8011,64.65574668349477
8.4582,66.68514688876635
7.6327,71.57073997553124
7.0866,74.80274770985261
6.4389,78.63605920869891
5.7912,82.68175422218957
5.08,88.10342357366545
4.4069,93.23464635274087
3.7084,98.55950018008325
2.9972,103.98116953155916
2.3241,109.11239231063456
1.651,114.24361508970998
0.9652,119.47165339291887
0.3175,124.40924512372727
-0.3556,129.54046790280267
-1.0287,134.6716906818781
-1.7272,139.99654450922048
-2.3749,144.9341362400289
-3.0353,149.96854349497082
-3.683,154.90613522577922
-4.318,159.7469114324541
-4.9022,164.20042554259504
-5.4991,168.75075517686946
-6.1087,173.39790033527737
-6.6802,177.7545989212848
-7.3025,182.49855960382618
-7.8994,187.04888923810063
-8.5471,191.98648096890904
-8.7884,193.82597592744548
-9.1186,196.34317955491645
-9.7155,200.89350918919087
-10.3124,205.44383882346523
-10.8839,209.80053740947267
-11.4554,214.15723599548008
-12.0523,218.70756562975453
-12.6365,223.1610797398954
-13.2334,227.71140937416982
-13.7541,231.68084586364324
-14.351,235.5932576481836
-14.9733,239.22086209369024
-15.6083,242.9224992829828
-16.2306,246.55010372848946
-16.8783,250.32577366156795
-17.5133,254.02741085086043
-18.161,257.80308078393875
-18.8214,261.6527834608031
-19.5072,265.65055162523896
-20.2184,269.7963852772467
-20.9804,274.23834990439775
-21.7678,278.82838001912046
-22.5425,283.34437739005733
-23.3045,287.7863420172084
-24.2443,293.2647650573615
-24.9301,297.26253322179736
-25.6794,301.63046510516256
-26.416,305.9243642447418
-27.178,310.36632887189285
-27.9654,314.9563589866157
-28.1305,315.91878465583176
-27.9273,305.74726300634677
-27.5971,289.2185403259349
-27.1907,268.87549702696606
-26.7462,246.62529341871806
-26.1747,218.01788877954272
-25.5778,188.13904393418233
-25.2857,173.51748156304788
-25.4254,180.5104026970687
-25.0952,163.98168001665604
-24.511,134.73855527438818
-23.8887,103.58827022284217
-23.2664,72.43798517129497
-22.6441,41.28770011974896
-22.0218,10.137415068202959
-21.4249,-2.0953906176047195
-20.8153,-5.334261044672768
-20.2311,-8.438178537279658
-19.6342,-11.609572497117222
-19.0627,-14.646013522493552
-18.4658,-17.817407482331003
-17.8562,-21.056277909399054
-17.2212,-24.43010127092839
-16.5608,-27.938877566918755
-15.9004,-31.44765386290923
-15.24,-34.95643015889959
-14.5923,-38.397729987659446
-13.9573,-41.771553349188714
-13.3223,-45.14537671071799
-12.6746,-48.58667653947784
-12.0396,-51.96049990100705
-11.4173,-55.26684679530574
-10.7188,-58.978052492987906
-10.1219,-62.149446452825416
-9.4615,-65.65822274881585
-8.8138,-69.0995225775757
-8.2169,-72.27091653741314
-7.6327,-75.3748340300201
-7.0866,-78.27632212093525
-6.5024,-81.38023961354216
-5.842,-84.88901590953259
-5.2324,-88.12788633660068
-4.572,-91.6366626325911
-4.1529,-93.8633860512004
-3.5306,-97.16973294549908
-2.8702,-100.6785092414895
-2.1844,-104.32223847194109
-1.4859,-108.58856871707101
-0.8382,-112.91463062225743
-0.1016,-117.83446573011648
0.5969,-122.49982660825869
1.3335,-127.41966171611774
2.0574,-132.25467208073786
2.7559,-136.92003295888006
3.4671,-141.6702185802612
4.191,-146.5052289448813
4.8768,-151.08576507978455
5.5753,-155.75112595792677
6.2738,-160.41648683606897
6.9723,-165.0818477142112
7.6835,-169.83203333559234
8.3947,-174.58221895697352
9.0805,-179.16275509187676
9.7536,-183.65846648354108
10.4267,-188.15417787520536
10.9728,-191.80164183448017
11.6332,-196.21252848290555
12.2682,-200.45376564485304
12.9032,-204.6950028068004
13.5763,-209.19071419846472
14.2367,-213.6016008468901
14.9098,-218.09731223855442
15.5956,-222.67784837345766
16.2687,-227.17355976512198
16.6624,-229.80312680552942
17.6022,-236.08015780521177
18.2245,-240.23657022392024
18.8722,-244.5626321291066
19.5199,-248.8886940342929
20.193,-253.3844054259573
20.955,-258.4738900202942
21.6408,-263.05442615519746
22.352,-267.80461177657867
23.0505,-272.4699726547208
23.7236,-276.9656840463852
24.4348,-281.7158696677663
25.1079,-286.2115810594307
25.7683,-290.622467707856
26.4541,-295.2030038427593
27.1526,-299.8683647209014
27.5463,-302.4979317613089
27.5463,-302.4979317613089
27.0002,-281.3748913672199
26.4287,-259.2693839780575
25.8572,-237.16387658889488
25.2603,-214.07590220465886
24.6888,-191.97039481549626
24.0538,-167.4087199386493
23.4188,-142.84704506180137
22.7711,-117.79413668741748
22.1488,-93.72369530810747
21.5011,-68.67078693372268
20.8788,-44.60034555441263
20.8661,-44.10911205687545
20.5613,-32.31950811598875
19.9517,-8.740300234215605
19.6088,0.6566841403750129
18.7452,5.506513110932847
18.1356,8.929921796032463
17.5006,12.495972509678026
16.8656,16.06202322332345
16.2052,19.77071596551468
15.5448,23.479408707706046
14.8844,27.188101449897346
14.224,30.896794192088574
13.5636,34.605486934279874
12.9032,38.31417967647117
12.2301,42.09419343293537
11.5443,45.945528203672474
10.8966,49.58289993159087
10.2362,53.29159267378217
9.5504,57.14292744451927
8.8646,60.99426221525638
8.1788,64.84559698599348
7.6073,68.05504262827444
6.8961,72.04901942755738
6.2738,75.54374912692995
5.6515,79.0384788263025
5.0419,82.46188751140214
4.3561,86.31322228213926
3.6703,90.16455705287638
2.9591,94.1585338521593
2.2606,98.08118963716933
1.5748,101.93252440790644
0.9017,105.71253816437064
0.1905,109.70651496365358
-0.4953,114.44829830755788
-1.1938,119.540612990074
-1.8923,124.63292767259011
-2.6162,129.91041743447045
-3.302,134.91014457730444
-3.9624,139.72469664077423
-4.6609,144.81701132329033
-5.3213,149.6315633867601
-5.969,154.3535279105478
-6.604,158.98290489465333
-7.2644,163.79745695812312
-7.9248,168.61200902159288
-8.5979,173.5191486247448
-9.2837,178.51887576757878
-9.9695,183.51860291041277
-10.6045,188.14797989451836
-11.2395,192.77735687862392
-11.8618,197.3141463230473
-12.4841,201.8509357674708
-13.1318,206.57290029125846
-13.7795,211.29486481504614
-14.4272,216.01682933883376
-15.113,221.01655648166783
-15.7734,225.83110854513762
-16.4338,230.64566060860733
-17.0815,235.36762513239495
-17.7165,239.9970021165006
-18.3515,244.62637910060607
-18.9484,248.9779934656654
-19.5834,253.60737044977088
-20.193,258.0515723545122
-20.5359,260.5514359259293
-21.5265,267.7732640211338
-22.225,272.86557870365
-22.9235,277.9578933861662
-23.622,283.0502080686822
-24.3205,288.1425227511984
-25.0063,293.14224989403243
-25.6921,298.14197703686636
-26.3779,303.1417041797004
-27.051,308.0488437828522
-27.7495,313.1411584653684
-28.1051,315.7336095764675
-28.1178,315.8261971161496
-27.7368,296.75459402336605
-27.1907,269.41862959037593
-26.6319,241.4469450542943
-26.0477,212.2038203120254
-25.4508,182.32497546666502
-24.8412,151.81041051821168
-24.2443,121.93156567285027
-23.5839,88.87412031202606
-22.9362,56.45239505429335
-22.2885,24.03066979656191
-21.6789,-0.6883808846380236
-21.0693,-3.928045117554438
-20.4597,-7.16770935047072
-19.8501,-10.407373583387002
-19.2786,-13.444558801746053
-18.6817,-16.616730029810014
-18.0594,-19.923887267578714
-17.4117,-23.366030515052245
-16.764,-26.80817376252591
-16.1163,-30.250317009999446
-15.4305,-33.89493927203036
-14.7955,-37.26958951465148
-14.1351,-40.7792257669775
-13.4874,-44.2213690144511
-12.827,-47.73100526677711
-12.1793,-51.17314851425071
-11.5316,-54.615291761724315
-10.8839,-58.057435009197846
-10.2235,-61.567071261523864
-9.5504,-65.14420051870229
-8.8773,-68.72132977588073
-8.2423,-72.09598001850192
-7.5946,-75.53812326597551
-6.9469,-78.98026651344911
-6.3119,-82.35491675607025
-5.7023,-85.59458098898658
-5.1308,-88.63176620734562
-4.5212,-91.87143044026195
-3.8481,-95.44855969744037
-3.1623,-99.09318195947125
-2.4765,-102.73780422150209
-1.7907,-106.51304548406146
-1.1049,-111.09451035807503
-0.4064,-115.76081717419997
0.3048,-120.51196593243628
1.016,-125.26311469067258
1.7399,-130.09910539102026
2.4638,-134.9350960913679
2.8956,-137.81972212315424
3.8862,-144.43739360784053
4.6228,-149.35822625029954
5.3213,-154.02453306642448
6.0071,-158.60599794043804
6.7056,-163.27230475656296
7.4168,-168.02345351479931
8.128,-172.7746022730356
8.8519,-177.61059297338326
9.5758,-182.4465836737309
10.2616,-187.0280485477445
10.9347,-191.5246714796467
11.5824,-195.85161052732622
12.2555,-200.34823345922842
12.9159,-204.76001444901928
13.5763,-209.17179543881014
14.2494,-213.66841837071235
14.9352,-218.24988324472594
15.621,-222.8313481187395
16.2941,-227.32797105064174
16.9672,-231.8245939825439
17.6276,-236.23637497233483
18.2499,-240.39363013579154
18.8976,-244.72056918347096
19.5199,-248.87782434692784
20.1676,-253.20476339460726
20.828,-257.6165443843982
21.4884,-262.02832537418897
22.1742,-266.6097902482026
22.86,-271.1912551222161
23.5585,-275.85756193834106
24.2189,-280.2693429281319
24.8793,-284.68112391792283
25.5524,-289.177746849825
26.162,-293.2501600711703
26.8478,-297.831624945184
27.5209,-302.32824787708626
27.5971,-302.8009227141482
27.4701,-297.8885877387787
26.9113,-276.2743138471528
26.3525,-254.6600399555271
25.7683,-232.0632990688278
25.1841,-209.4665581821285
24.5618,-185.39611680281848
23.9522,-161.81690892104442
23.3172,-137.25523404419746
22.6568,-111.71109217227671
22.0091,-86.65818379789192
21.3868,-62.587742418581904
20.7772,-39.00853453680878
20.1549,-14.938093157497775
19.5326,1.3246029830529569
18.9103,4.815904199347147
18.3007,8.235954370410989
17.6403,11.941008722396644
17.018,15.432309938690834
16.3703,19.06611324544614
15.6718,22.98492073312334
14.986,26.832477175570038
14.3256,30.53753152755576
13.6652,34.24258587954149
13.2588,36.5226193269173
12.2936,41.937698764434884
11.6332,45.64275311642061
10.9855,49.27655642317585
10.2997,53.12411286562254
9.6139,56.971669308069245
8.9154,60.89047679574644
8.2296,64.73803323819314
7.5438,68.58558968063986
6.8961,72.2193929873951
6.2484,75.8531962941503
5.5753,79.62950169136651
4.9403,83.19205395289126
4.2926,86.82585725964645
3.6195,90.60216265686269
2.8956,94.6634722350009
2.1717,98.72478181313909
1.4732,102.64358930081626
0.762,106.63364783372397
0.0635,110.55245532140117
-0.635,115.6347966569347
-1.3208,120.63033261626053
-2.032,125.81088842593178
-2.7432,130.991444235603
-3.4544,136.17200004527425
-4.1402,141.1675360046001
-4.8133,146.07056203875322
-5.4737,150.8810781477337
-6.1214,155.59908433154138
-6.7691,160.31709051534915
-7.4422,165.22011654950228
-8.1026,170.03063265848272
-8.8138,175.21118846815398
-9.4869,180.11421450230714
-10.1727,185.10975046163296
-10.8204,189.82775664544062
-11.4554,194.45325290407567
-12.0904,199.07874916271072
-12.7254,203.70424542134577
-13.3477,208.23723175480808
-13.9954,212.95523793861582
-14.6558,217.76575404759626
-15.3289,222.6687800817494
-16.0147,227.6643160410752
-16.6878,232.56734207522845
-17.3609,237.4703681093815
-17.9832,242.00335444284377
-18.6055,246.53634077630625
-19.2151,250.9768171845958
-19.8374,255.5098035180581
-20.4597,260.0427898515206
-21.1201,264.8533059605009
-21.7551,269.4788022191359
-22.4663,274.6593580288073
-23.1775,279.8399138384784
-23.8633,284.83544979780436
-24.5364,289.7384758319574
-25.1968,294.5489919409379
-25.8699,299.452017975091
-26.5303,304.2625340840715
-27.1907,309.07305019305187
-27.5971,312.03336779857824
-28.0924,315.6412548803136
-28.0924,315.6412548803136
-27.5844,290.2124507566021
-27.0383,262.8764863236118
-26.4414,232.9976414782514
-25.8572,203.75451673598354
-25.5143,186.59007395247772
-25.5143,186.59007395247772
-25.5016,185.95435384938534
-25.3619,178.96143271536468
-24.7523,148.44686776691134
-24.13,117.29658271536414
-23.495,85.51057756072547
-22.8473,53.08885230299403
-22.1361,17.48852652979717
-21.5646,-1.1810089015385377
-20.9423,-4.489684792167384
-20.3581,-7.595788689492439
-19.7358,-10.904464580121418
-19.1516,-14.010568477446473
-18.5674,-17.11667237477153
-17.9197,-20.560396260936233
-17.2847,-23.936596149333145
-16.6243,-27.44784403326578
-15.9258,-31.16166391050234
-15.2654,-34.672911794435045
-14.6177,-38.11663568059975
-13.9573,-41.62788356453245
-13.2842,-45.206655446233086
-12.6365,-48.65037933239786
-12.0015,-52.0265792207947
-11.3792,-55.33525511142355
-10.7061,-58.914026993124246
-10.033,-62.49279887482488
-9.3599,-66.07157075652552
-8.6868,-69.65034263822615
-8.0391,-73.09406652439085
-7.3533,-76.74036240385945
-6.7183,-80.11656229225626
-6.0833,-83.4927621806531
-5.4737,-86.73391407351404
-4.8768,-89.90754196860706
-4.2164,-93.41878985253977
-3.5306,-97.06508573200834
-2.8321,-100.77890560924484
-2.1336,-104.49272548648135
-1.4351,-108.77856930120267
-0.7366,-113.44664867028054
0.127,-119.21809225386771
0.2032,-119.72733727594894
0.254,-120.06683395733641
0.2286,-119.08436696226252
0.4445,-121.33994651253947
0.889,-124.31054247467993
0.2159,-98.27516710522177
0.2413,-99.25763410029566
0.6096,-113.5034055288671
0.7112,-117.43327350916267
1.8034,-130.4214827396546
2.0447,-132.03409197624512
3.0607,-138.82402560399476
5.4991,-155.11986631059384
7.3914,-167.76611769227753
9.6647,-182.95859418436737
11.6586,-196.28383892882607
13.7033,-209.94858035467206
15.1511,-219.6242357742153
17.399,-234.64696392561143
19.4818,-248.56632786249804
21.4376,-261.63695009591606
23.2918,-274.02857896655894
25.4762,-288.6269362662209
27.2923,-300.7639426258233
29.6926,-315.2992995187683
31.4833,-325.9797306063523
33.2994,-336.81165717035583
34.3281,-342.9472239653511
35.1663,-347.946574687199
36.7792,-357.5665374398463
37.719,-363.1718700673724
39.3827,-373.0948237728583
40.4114,-379.2303905678536
40.5257,-379.91212021174204
40.6781,-380.82109307025985
40.3352,-367.5577886367628
39.497,-335.13637779932395
37.5285,-258.9951856810987
35.56,-182.85399356287286
33.7058,-111.13390292247445
31.3944,-21.729406370751583
31.0134,-6.992401444644299
29.718,4.992255116873541
28.829,8.973971821642884
27.0256,17.051168565603717
24.638,27.744922001269924
22.7711,36.10652708128573
20.3327,47.027807185796256
18.0848,57.09586228214149
15.8877,66.93639070964291
14.478,73.25025577006308
11.6713,85.82110422369207
9.8171,94.12582763649687
7.3025,105.38839774427315
4.953,117.71438206651118
3.3909,127.0729776590204
0.9017,141.98586169261227
-1.3589,155.5291951516906
-3.4925,168.31166718048365
-5.4737,180.1811054929343
-8.3439,197.37657381738205
-9.9568,207.03951398200547
-12.319,221.19153658531187
-14.4272,233.82183632804794
-16.6624,247.21299750106914
-18.4404,257.8650575250632
-20.9931,273.1583722737977
-23.0251,285.3321551583625
-25.3238,299.10374704652685
-27.5844,312.64708050560483
-29.6291,324.65464842256233
-32.0802,338.94296797323125
-34.5059,353.08322203632906
-36.9189,367.1494433556404
-39.3573,381.3637301625235
-41.8211,395.72608245697927
-43.561,405.86856835564083
-43.3324,394.4256064999686
-42.0497,330.2178760875963
-39.7002,212.60965701543208
-37.8968,122.33740237625943
-36.2585,40.3295090772893
-34.8361,-2.619623302644196
-32.5628,-12.275798106869141
-30.6832,-20.259674481311983
-28.5623,-29.268507957879514
-26.3779,-38.54706698763737
-24.5491,-46.315162919527936
-22.8981,-53.328027302484564
-20.3962,-63.95521409819578
-18.0721,-73.82716934497316
-15.5702,-84.45435614068438
-13.0302,-95.24337826830997
-11.0236,-103.7667057491343
-8.5471,-114.28600232356924
-6.0833,-124.75135378736604
-4.1529,-132.9510106043615
-1.7272,-146.2665286794251
0.5842,-159.05147348898845
2.9337,-172.04715914706105
5.08,-183.91889361308415
7.2263,-195.79062807910717
9.8933,-210.54248747475725
11.7221,-220.6580482032029
14.1859,-234.28595640680334
16.2814,-245.87670307481403
18.415,-257.6781905913339
20.8026,-270.884617097916
22.9108,-282.5456107154299
25.1714,-295.0495677269805
27.3558,-307.13204304151304
29.0449,-316.4748873254247
30.9118,-326.80118890237975
33.0327,-338.53242946939656
35.2425,-350.7553986829355
37.2491,-361.854416704424
39.8526,-376.2550413525588
40.4368,-379.4864010297009
40.6273,-380.54010527224744
39.5732,-339.76772497668213
37.7063,-267.5564008387481
35.4076,-178.64313778456136
33.4518,-102.9931791638747
31.4198,-24.395819557962987
29.718,4.894576971092502
29.1338,7.564210204065378
26.7081,18.648991671409142
26.7208,18.013271568314284
24.2189,30.023950664075652
22.7838,36.581962736378436
20.1422,48.653347789820835
18.3134,57.01046051912681
16.3322,66.06399930920828
13.8684,77.32288729174591
11.5697,87.82731370844314
9.0805,99.20227270110979
7.0485,108.48795351145006
4.5466,119.92094800918139
2.2479,130.42537442587872
0.2286,139.65301973115425
-2.3368,154.49336457520914
-4.6101,168.35539830185647
-7.0358,183.14673037889355
-9.5631,198.5575946895238
-11.9634,213.19404370816255
-13.8684,224.81027308803465
-15.3162,233.6386074167374
-17.5768,247.42319961418568
-19.9263,261.74988251602775
-22.0091,274.45029330468776
-24.3332,288.6220931481321
-26.7716,303.4908667543681
-28.7909,315.80406989703266
-30.8102,328.1172730396968
-32.0802,335.86142595961167
-35.3568,355.84134049299195
-37.5031,368.9289589276473
-40.3733,386.43074452665496
-42.3291,398.3567400233232
-43.2562,404.00997165486115
-42.3418,358.2381242321777
-40.2209,252.07286701568157
-38.3159,156.71485155176376
-36.2077,51.18531443836466
-34.1376,-4.466782266100283
-31.7881,-14.485083894726333
-30.6197,-19.467158218150487
-27.5463,-32.572179808028146
-26.1493,-38.529007803427156
-24.0538,-47.46424979652567
-21.5519,-58.13238720646737
-19.431,-67.17593516311828
-16.891,-78.00653151838922
-14.6431,-87.59160929280364
-12.4714,-96.85176917656024
-9.9568,-107.5740595682783
-7.5692,-117.75482014223284
-5.1054,-128.2604986068455
-3.1242,-137.7397071887424
-0.4953,-152.32881906971488
1.5113,-163.46446968417698
3.8862,-176.64400553800238
6.4135,-190.66928700811602
8.9408,-204.69456847822966
10.9855,-216.04165549676392
13.3858,-229.36214895330403
15.4686,-240.92067237591013
17.7673,-253.6773354215913
20.1676,-266.9978288781316
22.4663,-279.7544919238128
24.638,-291.8063669559206
27.1018,-305.47925441924724
29.0449,-316.2625110269226
31.6484,-330.71066530518016
33.7693,-342.48062513185863
35.8013,-353.75723334903546
37.465,-362.98995632684887
39.7383,-375.6056617698154
40.6781,-380.8210930702598
40.7162,-381.0483362848893
38.6588,-301.46850968390515
36.8935,-233.1870535262705
34.671,-147.22119145730312
32.512,-63.71149687602223
30.3276,2.4523880697527205
28.1051,12.597475225725626
25.4635,24.65563595968189
23.8633,31.960098711982656
21.0566,44.77189449181162
19.1262,53.583627335856605
16.8529,63.960602198251905
14.5796,74.3375770606472
12.4333,84.13483265698683
9.9695,95.3813864184655
7.7216,105.64241742764978
6.0071,113.46862751940031
2.9083,127.613777611157
0.4826,138.686415592819
-2.032,152.8784259887421
-3.683,162.9361380706066
-4.9911,170.90494072008383
-5.5372,174.2317224087005
-7.7597,187.7709502112103
-10.2997,203.24435341407872
-12.4206,216.16464508847378
-14.8844,231.1738461952561
-16.8402,243.08836666146487
-18.288,251.90820648710002
-18.4404,252.836610679272
-18.7071,254.46131801557317
-20.1295,263.1264238091794
-22.479,277.43932177183257
-24.4348,289.35384223804164
-26.9367,304.59514439286704
-28.829,316.1228297790038
-31.3563,331.5188659658578
-33.7439,346.06386497655393
-35.8648,358.9841566509493
-38.0111,372.0591823573735
-40.2463,385.67577717589694
-42.3545,398.5187018342783
-42.8879,401.7681165068805
-42.5704,385.8751139295608
-40.1828,266.35973454811926
-38.354,174.81603970275702
-36.2204,68.01506238317077
-34.29,-2.449131665981758
-32.004,-12.243265671309967
-29.9212,-21.16680998727529
-27.6606,-30.852120281433287
-25.4635,-40.265371297665325
-23.114,-50.33156458091961
-20.701,-60.66981714209922
-18.415,-70.46395114742742
-15.9131,-81.18308669770332
-13.7922,-90.26986658042466
-11.1506,-101.58753254213727
-8.7757,-111.76254953656164
-6.3246,-122.26403766449688
-4.1529,-131.56846496955873
-1.7907,-144.19057507022228
-0.8763,-149.28581224006274
0.4191,-156.50406489733672
2.6416,-168.88832190736562
4.7371,-180.56490708825
7.1755,-194.15220620782455
9.7155,-208.30564279071467
11.7475,-219.62839205702687
14.1097,-232.79108807911484
16.9545,-248.6429370519516
18.9357,-259.6826175866061
21.0947,-271.7130386820628
23.2791,-283.8849941433481
25.7048,-297.40152608000847
27.9019,-309.6442487242083
29.2227,-317.0040357473114
31.369,-328.96368965985346
34.6456,-347.22162285178206
36.9443,-360.0304829592975
39.243,-372.83934306681306
41.6052,-386.3506779595764
44.0055,-400.6670004812321
46.2407,-413.9986024061601
48.3235,-426.4212314725695
50.8254,-441.34353589990405
53.2003,-455.50836294513965
54.6862,-464.3708483156878
54.4957,-457.00234585263553
53.0098,-399.52802664081213
51.0667,-324.3693015176586
48.5521,-227.10506900534205
47.1297,-172.08691728120647
45.9486,-126.40220201027097
43.7388,-40.92757343883978
41.6052,4.1929039481443136
38.9382,14.590488539527128
36.9443,22.363920829275095
34.9631,30.0878408114454
32.4358,39.94079001947018
30.5181,47.4171484637505
27.94,57.46814690208732
25.8064,65.78621457519357
23.2791,75.63916378321835
21.2471,83.56113299570063
18.7198,93.41408220372541
16.5735,101.78166218440974
13.9954,111.83266062274656
11.5697,121.28951137014724
9.0678,131.043435963016
7.2517,138.1236959466721
4.5974,150.77375301682216
-2.3368,187.50417737731658
-3.9751,196.18224467127953
-6.731,210.78023384019394
-8.8392,221.9473591952161
-11.1252,234.05629030307136
-13.5001,246.63612428734334
-15.8496,259.08141459263896
-18.1864,271.4594330584465
-20.7137,284.8465291165754
-21.844,290.8337228310153
-24.9809,307.4498671845721
-27.5463,321.0387787611655
-29.6291,332.0713604372113
-31.8643,343.9112041871141
-34.3281,356.9619410478023
-36.4109,367.99452272384855
-38.6969,380.10345383170386
-40.8559,391.5396665446783
-43.2181,404.05222868946197
-45.6819,418.2320365678781
-47.752,430.29937380497137
-50.038,443.6252676864245
-52.3494,457.0992270554493
-54.9275,472.127874043977
-57.277,485.8239316443593
-57.4167,486.6382918260038
-57.4421,486.78635731357554
-55.2704,378.0782196847126
-53.1749,273.18440267440184
-50.9651,162.56910473625396
-48.8569,57.03956762285486
-46.7995,-3.504491722577626
-44.5262,-12.183817947836744
-42.3164,-20.620704893060918
-40.3098,-28.281786142172535
-38.2143,-36.2822823833327
-35.6616,-46.02834144074687
-33.6931,-53.54395912183706
-31.1785,-63.14455461122985
-28.6004,-72.98758938065774
-26.2636,-81.90935488595193
-24.1173,-90.10380255114065
-21.9329,-98.44371378435065
-19.304,-108.48069997780662
-16.9291,-117.54792905112187
-14.478,-126.9060852604796
-12.3952,-134.8580936456331
-9.7028,-145.13751911912428
-7.3025,-154.30172390445372
-5.0038,-163.25417601402484
-2.667,-175.04257339774955
-0.2921,-187.02317291273062
2.3495,-200.34918734650637
4.2799,-210.08742866349633
6.4897,-221.23515227636642
9.3218,-235.52217736642405
11.4554,-246.28549671678144
13.9192,-258.7145678713607
16.1417,-269.9263588613161
18.6055,-282.35543001589554
20.9677,-294.27196215379104
23.1902,-305.4837531437464
25.3873,-316.56740937953134
27.8892,-329.188682665367
30.2895,-341.29741693451876
32.4358,-352.12480366196155
34.798,-364.04133579985705
37.1094,-375.70159842941075
39.9161,-389.86048876529765
41.5163,-397.93297827806555
43.2181,-406.5180068075173
46.101,-421.0613014059172
48.5775,-433.55443993758126
51.0921,-446.2397806005025
52.9209,-455.465482900809
54.737,-464.67383926852756
55.0164,-466.3402895091434
53.4924,-407.3922698047103
51.2699,-321.42640773574226
49.1363,-238.8991801495365
47.1043,-160.30182054362487
44.7675,-69.91485699682764
42.4688,1.9766275264985862
40.4114,10.25625242442823
38.227,19.046965279020533
35.6616,29.370942003599836
33.3883,38.51941642785564
31.2039,47.31012928244744
28.6512,57.582997211360706
26.3525,66.83368922694888
24.2062,75.47107569454228
21.8186,85.07952927979402
19.5199,94.33022129538219
17.145,103.88756608496804
14.5542,114.31376040087953
12.2428,123.615561212134
9.9187,132.9684708190548
7.4041,143.08801236096903
5.08,152.4409219678897
2.921,161.1294172311494
0.4953,171.07388696480243
-2.0701,185.05326421391513
-4.3434,197.4409301920893
-6.6929,210.2438251974648
-9.2964,224.4308169601782
-11.5443,236.68007326261846
-13.8049,248.99853440292583
-16.256,262.3550681112364
-18.0721,272.25135992620227
-21.2217,289.4141597171919
-23.368,301.1097773166975
-25.5905,313.2206239434039
-27.9273,325.9543141109124
-30.1498,338.06516073761924
-32.5628,351.21407993232896
-34.671,362.7020830182331
-37.211,376.54305059161277
-39.4081,388.51548754258545
-41.9354,402.2872502780974
-43.8023,412.4603614445307
-46.4312,426.78576288297774
-48.8061,439.72706756408684
-50.8889,451.0766609742579
-53.213,463.7411463038995
-54.9402,473.1530042537972
-57.3786,486.4403331242406
-58.2549,491.52445291586986
-55.0418,330.68726683339753
-53.3781,247.4079333282441
-51.1429,135.52119518391203
-48.7934,17.912976111748208
-47.3837,-3.990097461052165
-44.577,-14.637096587354934
-41.8846,-24.850507513943484
-39.7637,-32.895977441964156
-37.5031,-41.47138850296816
-35.2425,-50.046799563972165
-32.8549,-59.103975291324495
-30.5689,-67.7757392855981
-28.3337,-76.2547974133325
-25.5397,-86.85362007300043
-23.5204,-94.51367826794201
-20.955,-104.24532452818256
-18.7452,-112.62802972264701
-16.5227,-121.05891138374628
-13.97,-130.74238117735183
-11.4173,-140.42585097095738
-9.0678,-149.33849729840537
-6.5405,-158.9256141587412
-4.3307,-168.6267458236192
-0.7366,-186.65647680222034
0.6604,-193.66449944407947
2.6162,-203.47573114268224
5.2832,-216.85468345895873
7.3787,-227.36671742174747
9.6012,-238.5158443519779
12.3698,-252.40447104220777
14.4272,-262.7253771147639
16.9418,-275.3398178701104
19.431,-287.8268400319682
21.5138,-298.275164698013
24.0538,-311.0170240468475
26.416,-322.8669532412641
28.7401,-334.52575454544785
31.2039,-346.88535811381735
33.3883,-357.8433571538154
35.5727,-368.8013561938135
37.9984,-380.9698318719509
40.3987,-393.0108889565991
42.6593,-404.35114377706213
45.0215,-416.2010729714783
47.1043,-426.64939763752307
49.7459,-439.90093136031146
51.8668,-450.54038391658867
54.4703,-463.6007897491436
54.5211,-463.85562693612064
54.0131,-444.20628703464365
51.2699,-338.0998515666648
49.6824,-276.69566437454307
47.498,-192.20350279818706
45.5549,-117.0447776750392
43.2816,-29.11398161592568
40.7543,7.186632365632295
38.5191,16.238525207445377
36.1823,25.701867723886085
33.909,34.90805419368447
31.3309,45.348589687366385
29.3878,53.21756471462427
27.0256,62.78376964972224
24.4856,73.07001151541853
22.098,82.73907886917344
19.9009,91.63667808300082
18.1356,98.7856161796598
16.256,106.39743516027518
13.1064,119.15237507373891
10.2108,130.87869080063288
8.0518,139.62199638647493
5.5118,149.90823825217143
3.1369,159.52587439659766
0.7239,169.2978041690093
-1.5113,180.5801768505326
-3.8989,193.66377664916362
-6.2992,206.8169700637448
-8.5217,218.99585285502374
-11.303,234.23685474810998
-13.6652,247.1812673148405
-16.1163,260.6128351932224
-18.2626,272.3741562888002
-20.701,285.7361305512321
-22.9997,298.33257503821187
-25.1968,310.3722705975903
-27.6352,323.7342448600222
-30.099,337.2354063543539
-32.2072,348.7879466020815
-34.5694,361.732359168812
-36.9697,374.88555258339346
-39.0144,386.09012475136996
-41.6052,400.2872224052033
-43.5737,411.0742328774795
-46.3296,426.1760475386652
-48.5394,438.28533671399333
-50.927,451.3689365126251
-53.1368,463.4782256879533
-55.499,476.4226382546838
-57.0611,484.9826530165547
-56.9595,479.8968921918101
-55.9943,431.58216435675973
-53.594,311.4310648722219
-52.0319,233.23749219181045
-49.8856,125.8007947691343
-47.4853,5.649695284596085
-45.3009,-7.94655912677368
-42.8752,-17.251725089854077
-40.6273,-25.874837003283936
-38.227,-35.08256667355722
-35.8648,-44.144141904619545
-33.7058,-52.42622679322501
-31.2166,-61.97498348832342
-28.7147,-71.57245832982503
-26.4922,-80.09813395044816
-24.3713,-88.23406439984275
-21.8948,-97.73410294853738
-19.6342,-106.40593300837138
-17.1323,-116.00340784987299
-14.7447,-125.16241937374241
-12.446,-133.9804038727871
-9.9822,-143.431724275078
-7.5311,-152.83432653096534
-4.9911,-162.5779558116776
-2.8321,-173.30888338298783
-1.3081,-181.02870088795788
-0.7493,-183.85930063978026
1.4986,-195.24603145961112
4.0513,-208.176725780436
5.4737,-215.3818887850747
7.9502,-227.926592230651
10.3759,-240.21396842606168
11.7475,-247.1618041805349
14.9479,-263.3734209409721
16.9164,-273.3448518848917
18.5293,-281.51499207765175
20.8026,-293.03038652256544
22.9489,-303.9024628420649
25.4127,-316.38283447509957
28.0797,-329.8925151087975
30.0228,-339.7352824276341
32.4739,-352.1513222481278
34.7218,-363.5380530679588
37.1729,-375.9540928884526
39.4716,-387.59815095844897
41.8338,-399.5638680911525
44.069,-410.8862670984421
46.3677,-422.5303251684386
49.0855,-436.29733305230127
51.1937,-446.9764139341771
53.467,-458.4918083790908
55.8165,-471.112397016362
58.1787,-485.20147632338785
60.4647,-498.8360692011548
62.9158,-513.4553826756497
65.3923,-528.2261916265638
67.0306,-537.997649855631
67.0306,-537.997649855631
66.7766,-528.1729799048876
64.6303,-445.154518821147
62.3062,-355.2587887718795
60.452,-283.53869813148594
58.2422,-198.0640695600611
56.134,-116.51930896892424
53.6321,-19.74630995414944
51.1683,7.112199526984064
48.9331,15.2508599009394
46.6344,23.62073221733704
44.3611,31.898119756758
42.1132,40.083022519202274
39.5986,49.23901543990269
37.0459,58.53373552606774
34.8869,66.39494156909377
32.3596,75.5971768782824
30.0609,83.96704919467977
27.6352,92.79934539596148
24.892,102.78770130945247
22.9743,109.77030197119882
20.6375,118.27890145306161
18.3388,126.64877376945925
16.0147,135.11113086283368
13.5509,144.08215422958054
11.0617,153.145662373304
8.7503,161.56177707819006
6.3373,170.3478308909832
3.9624,181.55877628209768
1.3716,194.466103906774
-0.7112,204.8425829775923
-3.1242,216.8641136084183
-5.3975,228.18966088693338
-8.1153,241.72970065007428
-10.2235,252.23272214858554
-12.7381,264.76042249018315
-14.2113,272.09988329637156
-17.5768,288.8667549656815
-20.0406,301.1413704518935
-22.2885,312.3403753027154
-24.8285,324.99461807200623
-27.0002,335.8139956397497
-29.3751,347.6457126290362
-31.7373,359.4141584044763
-32.8422,364.91875400911783
-32.8295,364.28303390602565
-34.0233,370.8029768968379
-36.4744,383.0143211692035
-38.5191,393.2009865984823
-40.9829,405.47560208469395
-43.2181,416.6113357216698
-45.8851,429.8982906294247
-48.0314,440.5911257694756
-50.4825,452.80247004184116
-52.6669,463.68511882343046
-55.1307,475.95973430964295
-57.6707,488.61397707893326
-59.9821,501.5929060707458
-62.0649,513.7342760516249
-64.3382,526.9861371892922
-66.5988,540.1639655831748
-69.1515,555.0445470841302
-71.6026,569.3328666347995
-72.8091,576.365977294455
-73.1012,578.0687304015297
-70.104,428.03878607162954
-68.7832,361.9238953499859
-66.4718,246.22283658709156
-64.2366,134.336098442768
-61.8236,13.54927885514141
-59.6646,-6.609808524965435
-57.0865,-15.634091973973188
-54.737,-23.858192654103952
-52.4129,-31.993384137692203
-49.9872,-40.48421240744782
-47.6758,-48.57494929276511
-45.4406,-56.39895858845673
-42.8879,-65.33433284092287
-40.5003,-73.69179731586591
-38.3159,-81.33798821847363
-36.0934,-89.11754291589374
-33.6423,-97.69728038219192
-31.1785,-106.32147244676086
-28.7274,-114.90120991305905
-26.6827,-122.05840023468583
-24.0665,-131.21604747850662
-21.9202,-138.72887458630123
-19.3929,-147.57533964222512
-16.9164,-156.24398630506522
-14.6558,-164.15690479729852
-12.1031,-173.09227904976433
-9.7409,-181.3608343281656
-7.3279,-190.31360342893763
-4.8768,-201.77440974155104
-2.5527,-212.6413918928892
0.127,-225.17108169579822
2.1971,-234.85041552458574
4.4196,-245.24233834690364
7.2009,-258.24708747883284
9.4742,-268.87653996566087
11.9761,-280.57487594278444
14.3002,-291.4418580941225
16.6497,-302.4276050777157
19.0373,-313.59149930969136
21.3868,-324.5772462932849
23.9014,-336.3349646865357
26.416,-348.0926830797871
28.5242,-357.95016415695727
30.9372,-369.2328232211879
33.2994,-380.2779526209085
35.7632,-391.7981413496492
38.2651,-403.4964773267732
40.7797,-415.25419572002454
43.0403,-425.8242657907251
45.3771,-436.7506303581907
47.625,-447.26131801276375
50.2031,-459.3159484866525
52.6161,-470.5986075508831
54.9656,-481.5843545344762
